date,open,high,low,close,symbol
2023-07-14,2100.00982137668,2110.890701280186,2078.7211433046027,2098.590576171875,トヨタ
2023-07-18,2094.8059988839286,2126.5024762834823,2092.913671875,2119.40625,トヨタ
2023-07-19,2144.479879604891,2167.660888671875,2143.06063415181,2167.660888671875,トヨタ
2023-07-20,2168.1337124149404,2186.583901108849,2152.522014289326,2163.8759765625,トヨタ
2023-07-21,2165.768366419057,2177.1223290215166,2154.414403816598,2164.34912109375,トヨタ
2023-07-24,2192.261131930064,2207.399750018489,2183.2725774400615,2198.88427734375,トヨタ
2023-07-25,2191.7879372871516,2218.280517578125,2187.057119378049,2218.280517578125,トヨタ
2023-07-26,2193.207045128795,2200.7763533087045,2181.3800010976865,2196.99169921875,トヨタ
2023-07-27,2190.3686102596084,2203.6148999112866,2179.487729474302,2195.572509765625,トヨタ
2023-07-28,2165.295179966518,2201.7224748883928,2141.641092354911,2185.6376953125,トヨタ
2023-07-31,2223.484256101674,2257.546142578125,2222.0650108318214,2257.546142578125,トヨタ
2023-08-01,2268.900247864381,2331.347043677162,2258.492448562251,2313.843017578125,トヨタ
2023-08-02,2307.2199435330294,2411.7710215565685,2288.2966714925697,2367.7744140625,トヨタ
2023-08-03,2342.7011240102543,2343.647287630614,2271.7388524832877,2277.888916015625,トヨタ
2023-08-04,2277.415451923077,2324.2505432692305,2272.2115528846152,2306.2734375,トヨタ
2023-08-07,2300.5967831775524,2324.723954870346,2293.5005562090837,2312.423828125,トヨタ
2023-08-08,2330.8741335954423,2342.701179128198,2290.1890969627634,2293.027587890625,トヨタ
2023-08-09,2292.5544112047655,2296.3390656186407,2255.6540306694847,2266.534912109375,トヨタ
2023-08-10,2276.942763748263,2301.54301800027,2266.061882059875,2298.2314453125,トヨタ
2023-08-14,2308.165968074355,2327.089238974739,2273.630998681154,2278.36181640625,トヨタ
2023-08-15,2302.016065946834,2306.7468840026227,2284.5120391404153,2288.769775390625,トヨタ
2023-08-16,2270.792438963299,2282.6194829162328,2240.515206443788,2242.880615234375,トヨタ
2023-08-17,2233.419063120366,2250.9230888215843,2206.9264836806833,2249.03076171875,トヨタ
2023-08-18,2222.0650041822983,2240.5151926351637,2208.818715036651,2222.5380859375,トヨタ
2023-08-21,2223.0113762900655,2248.084711668523,2221.592130891285,2229.634521484375,トヨタ
2023-08-22,2257.5460665525425,2289.7156249191758,2254.707576108428,2286.404052734375,トヨタ
2023-08-23,2264.169432378364,2281.2003767088327,2260.857859869662,2280.727294921875,トヨタ
2023-08-24,2281.673606414795,2282.619770050049,2265.1157427978515,2270.792724609375,トヨタ
2023-08-25,2251.869313918972,2272.684912619063,2249.0308231871413,2266.061767578125,トヨタ
2023-08-28,2291.1349399252736,2315.2621094351207,2289.7156946599885,2305.327392578125,トヨタ
2023-08-29,2314.789132986004,2319.0468689755553,2286.404226388996,2300.5966796875,トヨタ
2023-08-30,2317.6278310970256,2330.874122027974,2308.639276536739,2324.2509765625,トヨタ
2023-08-31,2332.2931410560077,2388.1167902739808,2330.4008139638727,2379.601318359375,トヨタ
2023-09-01,2351.216487471938,2389.063030529836,2349.3241603190427,2383.859130859375,トヨタ
2023-09-04,2403.255505970284,2459.5522392794305,2402.309342385256,2457.659912109375,トヨタ
2023-09-05,2460.0252306935595,2469.0137844210935,2425.963342883956,2449.617431640625,トヨタ
2023-09-06,2466.648585402619,2520.5799123561865,2465.229339956473,2508.27978515625,トヨタ
2023-09-07,2513.9567195239915,2527.676091911307,2491.2487928139517,2495.033447265625,トヨタ
2023-09-08,2470.4330780814807,2503.0757212043495,2458.132951687356,2462.86376953125,トヨタ
2023-09-11,2469.959968746237,2477.0561954329237,2446.778961569725,2455.29443359375,トヨタ
2023-09-12,2482.7331459352654,2516.7950336081576,2478.002328202919,2513.95654296875,トヨタ
2023-09-13,2513.9562944547843,2568.8337747251558,2508.2793137371596,2561.737548828125,トヨタ
2023-09-14,2569.307058409312,2608.5728447926617,2548.9645425721546,2600.057373046875,トヨタ
2023-09-15,2637.903864231681,2688.996693739755,2630.807637911115,2669.600341796875,トヨタ
2023-09-19,2655.408147176107,2730.1550716824004,2647.3657565646704,2724.951171875,トヨタ
2023-09-20,2743.8745387582617,2754.7554205498895,2646.419684450641,2648.31201171875,トヨタ
2023-09-21,2648.311782171345,2682.3736700449317,2625.6038569222874,2635.53857421875,トヨタ
2023-09-22,2601.4765761582166,2659.665632144298,2587.757205234669,2638.376953125,トヨタ
2023-09-25,2635.065655394911,2638.8503098371298,2592.9613747252256,2612.830810546875,トヨタ
2023-09-26,2616.142352543197,2617.5615979424065,2561.7379455734917,2570.25341796875,トヨタ
2023-09-27,2554.6415237360125,2603.3689453924585,2532.879762607891,2600.057373046875,トヨタ
2023-09-28,2601.9706208425723,2627.3207022588695,2561.793133314856,2588.578125,トヨタ
2023-09-29,2600.0575203518906,2609.1452857835843,2559.4017276311565,2561.31494140625,トヨタ
2023-10-02,2583.3167802748912,2627.3206950657245,2567.0544639391487,2570.402587890625,トヨタ
2023-10-03,2563.7062027651154,2570.402450309651,2480.481411854457,2491.960693359375,トヨタ
2023-10-04,2444.1304371176525,2451.7832917152814,2363.7754638425517,2369.993408203125,トヨタ
2023-10-05,2418.301951616795,2477.611572265625,2396.778298961978,2477.611572265625,トヨタ
2023-10-06,2453.2182708787695,2491.0042415162084,2425.954975608719,2460.392822265625,トヨタ
2023-10-10,2487.1778776314536,2525.9204561099436,2482.3948432513935,2510.61474609375,トヨタ
2023-10-11,2535.0082368681633,2564.6630502051116,2525.4421680497926,2535.96484375,トヨタ
2023-10-12,2561.7931581817406,2621.102783203125,2557.0101239058226,2621.102783203125,トヨタ
2023-10-13,2590.4912994186047,2607.710222383721,2560.836487645349,2570.880859375,トヨタ
2023-10-16,2535.0081502584585,2549.3572529957705,2516.354316699953,2544.57421875,トヨタ
2023-10-17,2587.6214050953176,2601.0139003527424,2537.877851282025,2564.662841796875,トヨタ
2023-10-18,2558.92323465015,2579.968584617366,2545.530739216467,2553.18359375,トヨタ
2023-10-19,2511.0927185173973,2551.2702020136753,2509.1795050175742,2530.224853515625,トヨタ
2023-10-20,2487.6561721492735,2527.355357361423,2463.2626968984346,2503.440185546875,トヨタ
2023-10-23,2487.177584710249,2516.832394374102,2473.3067866416727,2496.74365234375,トヨタ
2023-10-24,2530.225203865646,2533.573327953937,2433.607908746391,2484.786376953125,トヨタ
2023-10-25,2516.8326768354937,2548.4007035688924,2500.0920565980855,2525.442138671875,トヨタ
2023-10-26,2503.918461736215,2513.962833789025,2459.436242645199,2481.91650390625,トヨタ
2023-10-27,2482.3946836470473,2529.2684175579166,2481.9163802397934,2524.007080078125,トヨタ
2023-10-30,2480.4816833828068,2482.3948971763916,2449.391959237052,2462.30615234375,トヨタ
2023-10-31,2477.611572265625,2480.4813926196007,2416.388738047478,2477.611572265625,トヨタ
2023-11-01,2586.1864691990318,2632.5818987370944,2562.2712993340506,2594.317626953125,トヨタ
2023-11-02,2689.97866741678,2722.9816062595532,2627.3209139616592,2640.235107421875,トヨタ
2023-11-06,2716.763288936226,2742.1133689210187,2700.9792768702237,2722.5029296875,トヨタ
2023-11-07,2726.329518980899,2730.15594637596,2696.1964032447945,2709.110595703125,トヨタ
2023-11-08,2737.3304024503677,2754.5493251287207,2637.364990234375,2637.364990234375,トヨタ
2023-11-09,2673.7160923982365,2696.6746563401175,2632.5819986690326,2695.23974609375,トヨタ
2023-11-10,2650.2791750659867,2692.848178238857,2649.80087165955,2681.368896484375,トヨタ
2023-11-13,2710.0669385580295,2722.024523002779,2685.6734662907406,2694.76123046875,トヨタ
2023-11-14,2721.546482537613,2742.113529769444,2714.371931177672,2720.111572265625,トヨタ
2023-11-15,2755.5059476412257,2772.724870417668,2735.8955078125,2735.8955078125,トヨタ
2023-11-16,2735.8955152749436,2771.768271157045,2733.9823016278983,2754.071044921875,トヨタ
2023-11-17,2716.763251539542,2766.985107421875,2711.0236108672752,2766.985107421875,トヨタ
2023-11-20,2766.9852099521554,2774.159761058341,2648.3659649965575,2659.366943359375,トヨタ
2023-11-21,2664.150168354376,2671.803023416076,2602.4490244194185,2616.31982421875,トヨタ
2023-11-22,2609.6235032126165,2660.3236665814834,2593.3611866603387,2610.101806640625,トヨタ
2023-11-24,2664.1499738526522,2691.8915714259833,2653.627298911044,2681.368896484375,トヨタ
2023-11-27,2678.4989846570397,2681.3688049977436,2642.1479270081227,2649.80078125,トヨタ
2023-11-28,2649.8010072240813,2658.888772411312,2617.2763739224138,2635.451904296875,トヨタ
2023-11-29,2649.8011445207962,2687.5871175202806,2624.929364824933,2680.890869140625,トヨタ
2023-11-30,2688.06519886999,2697.6312671933706,2665.5849383100453,2673.23779296875,トヨタ
2023-12-01,2696.6746431048414,2718.676600107825,2681.368933885374,2710.067138671875,トヨタ
2023-12-04,2680.4123597349253,2680.890663153865,2625.4074665569246,2647.409423828125,トヨタ
2023-12-05,2649.8008580343767,2663.671656749719,2624.4507776235782,2634.016845703125,トヨタ
2023-12-06,2650.279108998124,2706.7189095506915,2638.3215241352914,2704.327392578125,トヨタ
2023-12-07,2678.499130546609,2689.9784125346664,2655.5405665704957,2673.23779296875,トヨタ
2023-12-08,2593.3613251193515,2602.9273941902456,2541.7045521365244,2564.184814453125,トヨタ
2023-12-11,2583.795122655961,2598.144225521507,2573.7507506500788,2588.099853515625,トヨタ
2023-12-12,2608.6667223262984,2616.7978800599885,2565.14111328125,2565.14111328125,トヨタ
2023-12-13,2556.531918498764,2565.6196839714444,2529.7469255266533,2557.488525390625,トヨタ
2023-12-14,2492.4391841573197,2509.658107709356,2441.2607169332105,2459.91455078125,トヨタ
2023-12-15,2503.440018201878,2510.136265862334,2479.5248479859642,2487.656005859375,トヨタ
2023-12-18,2478.090186870332,2505.831787109375,2459.9146556792357,2505.831787109375,トヨタ
2023-12-19,2506.3099695547717,2542.182726752598,2478.0900672258153,2525.92041015625,トヨタ
2023-12-20,2550.3139057476833,2575.1856842733546,2519.7024860237802,2529.2685546875,トヨタ
2023-12-21,2410.6492726293104,2464.6975598926265,2386.7341012738607,2427.389892578125,トヨタ
2023-12-22,2410.649181177961,2438.86908230683,2390.5604380014784,2406.82275390625,トヨタ
2023-12-25,2415.432338692045,2442.2173309626896,2405.3879665905533,2426.91162109375,トヨタ
2023-12-26,2432.651250833979,2434.0861611274318,2411.127596432184,2430.738037109375,トヨタ
2023-12-27,2446.52205233513,2471.3938307752915,2436.477680272757,2470.91552734375,トヨタ
2023-12-28,2444.1303072886103,2461.349229218628,2428.8245989063726,2445.0869140625,トヨタ
2023-12-29,2460.3928608587867,2502.005259555271,2457.523040259029,2478.090087890625,トヨタ
2024-01-04,2491.9607313471006,2520.658935546875,2460.3927067273485,2520.658935546875,トヨタ
2024-01-05,2528.7902395081437,2590.4913821025357,2528.7902395081437,2584.2734375,トヨタ
2024-01-09,2597.187867026552,2598.144473975733,2546.966002194547,2577.09912109375,トヨタ
2024-01-10,2567.5327256944447,2632.5819899817852,2563.227994969547,2625.8857421875,トヨタ
2024-01-11,2704.327527525053,2743.0701044138978,2704.327527525053,2720.58984375,トヨタ
2024-01-12,2755.0276480437083,2757.8974685104204,2698.109542120583,2713.8935546875,トヨタ
2024-01-15,2730.1558048149896,2731.112411614154,2707.197241635046,2725.85107421875,トヨタ
2024-01-16,2730.1559739145428,2744.983380219965,2707.1974093125987,2730.63427734375,トヨタ
2024-01-17,2755.0276234027656,2793.291895950026,2722.9812951444346,2732.54736328125,トヨタ
2024-01-18,2755.0279560378644,2835.382938088969,2748.331707533606,2804.293212890625,トヨタ
2024-01-19,2855.47143991536,2855.47143991536,2809.554311233304,2833.469482421875,トヨタ
2024-01-22,2836.3392464159956,2857.8629000565893,2828.2080883739936,2852.6015625,トヨタ
2024-01-23,2866.9508229277676,2902.345277531814,2842.079044016816,2861.211181640625,トヨタ
2024-01-24,2869.82045702927,2887.039379771446,2823.903329716802,2831.077880859375,トヨタ
2024-01-25,2835.3828125,2835.3828125,2835.3828125,2835.3828125,トヨタ
2024-01-26,2821.989997197764,2821.989997197764,2763.158680307031,2766.985107421875,トヨタ
2024-01-29,2801.9015462321413,2864.080993314794,2800.9449393539467,2854.03662109375,トヨタ
2024-01-30,2821.990116078782,2854.036444515609,2803.814586517597,2831.077880859375,トヨタ
2024-01-31,2812.4241455078127,2869.820556640625,2811.467538655599,2869.820556640625,トヨタ
2024-02-01,2812.902300641978,2831.55613327674,2803.8145360250423,2817.20703125,トヨタ
2024-02-02,2834.9043307478055,2837.295847814406,2810.5108566684844,2823.425048828125,トヨタ
2024-02-05,2865.51560419256,2876.516582142223,2830.5994567871094,2862.16748046875,トヨタ
2024-02-06,2869.3421772982706,3011.398291093501,2823.425049606883,2998.96240234375,トヨタ
2024-02-07,3056.3588848465056,3218.0254424487152,3051.5758505979197,3118.538330078125,トヨタ
2024-02-08,3185.5006763059705,3261.0726142723884,3140.54015625,3204.6328125,トヨタ
2024-02-09,3214.199142341258,3223.7652112172736,3152.976301534758,3178.8046875,トヨタ
2024-02-13,3219.938826243083,3308.9032679663765,3204.6331158390753,3306.033447265625,トヨタ
2024-02-14,3303.163275984929,3313.685950770864,3215.155450502562,3238.114013671875,トヨタ
2024-02-15,3266.812410991901,3267.7690178472426,3205.5895722500322,3235.244384765625,トヨタ
2024-02-16,3290.7274904346073,3303.1633792065986,3248.63678997556,3265.855712890625,トヨタ
2024-02-19,3265.8556679061135,3299.3369064464514,3253.4197793054163,3281.161376953125,トヨタ
2024-02-20,3300.2935587207544,3322.295515778893,3222.808405602963,3265.855712890625,トヨタ
2024-02-21,3252.4632357966975,3286.9010818227803,3248.636808460466,3280.204833984375,トヨタ
2024-02-22,3300.293800811204,3376.8223527140726,3294.554159418489,3368.212890625,トヨタ
2024-02-26,3395.9543638510254,3450.4809550452533,3369.1693716854397,3410.303466796875,トヨタ
2024-02-27,3443.784596812186,3446.6544173095294,3411.2599645089595,3426.565673828125,トヨタ
2024-02-28,3432.3053489364497,3442.8280241979605,3387.34482736454,3415.08642578125,トヨタ
2024-02-29,3405.520515094242,3471.5263902463494,3386.3883773689936,3463.87353515625,トヨタ
2024-03-01,3439.001649607783,3528.9226941316024,3430.3921878980555,3520.313232421875,トヨタ
2024-03-04,3533.7056570756245,3543.2717254488666,3478.2224605108204,3503.09423828125,トヨタ
2024-03-05,3505.964172150501,3579.6229010060506,3483.005607312408,3567.18701171875,トヨタ
2024-03-06,3567.186898360805,3608.3209923885647,3529.8792316844656,3605.451171875,トヨタ
2024-03-07,3634.149507583035,3645.6287900497355,3482.049014899249,3501.18115234375,トヨタ
2024-03-08,3485.8754639348163,3505.964208375714,3439.001726906055,3453.350830078125,トヨタ
2024-03-11,3348.1239070205293,3376.822111937848,3293.597317677624,3346.210693359375,トヨタ
2024-03-12,3291.684107955823,3324.208740234375,3250.550014191772,3324.208740234375,トヨタ
2024-03-13,3353.863579124247,3382.5617843078544,3257.2462883394355,3294.553955078125,トヨタ
2024-03-14,3300.293776646408,3312.729666239568,3266.8125354340527,3295.5107421875,トヨタ
2024-03-15,3284.031397338307,3356.7335197378734,3275.4219354752004,3336.644775390625,トヨタ
2024-03-18,3362.473238299867,3420.826258936081,3351.950562447435,3412.216796875,トヨタ
2024-03-19,3418.912978847789,3515.5302734375,3404.5638756909016,3515.5302734375,トヨタ
2024-03-21,3635.106020910108,3662.8476194907375,3612.1474565675176,3634.1494140625,トヨタ
2024-03-22,3662.8478367072494,3721.20085787182,3645.6289124291793,3703.98193359375,トヨタ
2024-03-25,3682.936090613781,3717.373934577962,3657.1077076406455,3663.803955078125,トヨタ
2024-03-26,3662.847535955256,3692.502347554789,3624.5832629235997,3682.936279296875,トヨタ
2024-03-27,3706.851257276696,3722.1569656938386,3679.1096607706254,3685.805908203125,トヨタ
2024-03-28,3715.811680082641,3730.3303503616826,3660.640733022284,3683.87060546875,トヨタ
2024-03-29,3681.934527126793,3710.003954384069,3670.3195917099893,3677.094970703125,トヨタ
2024-04-01,3679.0308798642955,3701.292839937139,3499.967287974031,3522.229248046875,トヨタ
2024-04-02,3566.7532643476466,3586.1114910198185,3499.967382328654,3516.421875,トヨタ
2024-04-03,3516.421713948118,3538.6836736015193,3481.5769075340986,3503.8388671875,トヨタ
2024-04-04,3552.234300166604,3619.02017665475,3534.811897604479,3549.33056640625,トヨタ
2024-04-05,3489.320335166828,3515.453941005803,3453.5076160541585,3502.87109375,トヨタ
2024-04-08,3547.3951070072717,3581.2720043456766,3525.133145899177,3579.336181640625,トヨタ
2024-04-09,3619.9882015939484,3654.8330078125,3596.7583307815808,3654.8330078125,トヨタ
2024-04-10,3629.6673943014707,3639.346507352941,3602.565877757353,3619.98828125,トヨタ
2024-04-11,3602.5658410008514,3673.2233655556774,3601.59792970558,3659.672607421875,トヨタ
2024-04-12,3690.645745472089,3692.5815680503592,3634.506890702254,3646.121826171875,トヨタ
2024-04-15,3601.597906871661,3646.121826171875,3566.7531004627976,3646.121826171875,トヨタ
2024-04-16,3621.924201060008,3632.5712257023542,3513.5181319742996,3531.908447265625,トヨタ
2024-04-17,3567.721008962547,3572.5605654044384,3455.44329951066,3481.576904296875,トヨタ
2024-04-18,3452.5396083935575,3517.3896655178546,3444.796317990656,3486.41650390625,トヨタ
2024-04-19,3436.0851593277525,3454.4754742649993,3342.1977620165435,3408.983642578125,トヨタ
2024-04-22,3426.4060028744316,3494.1597938917225,3388.657462164798,3404.14404296875,トヨタ
2024-04-23,3476.7374874279053,3478.6733100823753,3379.946354704411,3398.336669921875,トヨタ
2024-04-24,3437.053019205729,3503.838898767879,3412.8552367556745,3501.903076171875,トヨタ
2024-04-25,3445.764301879289,3488.352399992404,3384.785888671875,3384.785888671875,トヨタ
2024-04-26,3389.625361968038,3435.1171929253474,3356.7163778712606,3397.36865234375,トヨタ
2024-04-30,3462.218642492226,3523.1970530253575,3441.8925056478492,3521.26123046875,トヨタ
2024-05-01,3484.480755894591,3541.5875238384187,3461.250884188627,3489.3203125,トヨタ
2024-05-02,3466.09033203125,3505.7746949503453,3444.796283635638,3466.09033203125,トヨタ
2024-05-07,3532.8764181727997,3532.8764181727997,3447.7002195976747,3483.512939453125,トヨタ
2024-05-08,3433.181379430685,3556.106114470915,3342.197717274924,3464.154541015625,トヨタ
2024-05-09,3479.6410717607355,3479.6410717607355,3361.5558949165606,3414.791015625,トヨタ
2024-05-10,3391.561183850365,3426.405990533759,3277.347650832573,3315.09619140625,トヨタ
2024-05-13,3307.352979255445,3323.8074716895517,3243.470832158325,3257.989501953125,トヨタ
2024-05-14,3242.502923348056,3323.8074742618583,3241.5350120276535,3280.25146484375,トヨタ
2024-05-15,3299.609512830564,3346.0692536976417,3295.737867758308,3298.6416015625,トヨタ
2024-05-16,3295.738020284648,3297.673842910366,3212.4976473787806,3244.438720703125,トヨタ
2024-05-17,3258.95752486028,3327.679230908715,3245.406765921152,3325.743408203125,トヨタ
2024-05-20,3327.6791788205774,3366.3956323263433,3307.3530407300505,3336.390380859375,トヨタ
2024-05-21,3355.7482747490544,3367.3632096486763,3311.224357633838,3326.7109375,トヨタ
2024-05-22,3314.128253671045,3318.967810116242,3276.3797133985067,3279.283447265625,トヨタ
2024-05-23,3278.3156648602794,3306.385093345945,3243.470857084971,3293.80224609375,トヨタ
2024-05-24,3213.4655218464486,3297.6738050996537,3202.818497527078,3284.123046875,トヨタ
2024-05-27,3309.2886953691127,3339.2939453125,3293.8021147531704,3339.2939453125,トヨタ
2024-05-28,3329.6148639156754,3341.2297994874743,3306.384992772078,3337.358154296875,トヨタ
2024-05-29,3324.775493250484,3341.2299862301807,3281.219482421875,3281.219482421875,トヨタ
2024-05-30,3242.502756662913,3250.246046828078,3200.8825720251502,3223.14453125,トヨタ
2024-05-31,3261.8612036498916,3291.866455078125,3240.5671542492096,3291.866455078125,トヨタ
2024-06-03,3292.834090478618,3317.9997831160204,3214.4332788005554,3233.79150390625,トヨタ
2024-06-04,3194.1072092698223,3231.8557490157386,3178.6206288612416,3192.17138671875,トヨタ
2024-06-05,3145.7119331810327,3154.423135457534,3100.2200990704146,3114.73876953125,トヨタ
2024-06-06,3153.455206572955,3196.043306354787,3144.744004344853,3167.973876953125,トヨタ
2024-06-07,3161.198375065529,3166.0379316715694,3091.508759938549,3115.70654296875,トヨタ
2024-06-10,3132.1610516312653,3183.4603519206526,3119.5782043904724,3167.005859375,トヨタ
2024-06-11,3157.3265420624134,3199.9146376635003,3142.8078731074975,3149.583251953125,トヨタ
2024-06-12,3097.316142100343,3114.738545399657,3088.6049404506857,3106.02734375,トヨタ
2024-06-13,3122.482021478131,3123.449932830108,3026.658797632398,3027.626708984375,トヨタ
2024-06-14,2959.872861340661,3031.4983001043006,2956.96912733673,3016.01171875,トヨタ
2024-06-17,2957.9368386651845,2964.7122175495615,2913.412920282135,2938.57861328125,トヨタ
2024-06-18,2969.5520112323884,2986.974415470388,2943.418404875389,2954.0654296875,トヨタ
2024-06-19,2977.2952855321655,3013.108005156577,2970.5199061437634,3007.300537109375,トヨタ
2024-06-20,2991.813953602515,2994.7176876241283,2953.0974999810005,2985.03857421875,トヨタ
2024-06-21,3002.460891753416,3035.3698763825637,2975.359375,2975.359375,トヨタ
2024-06-24,3022.787048688616,3075.0542599051337,3014.075846819196,3048.920654296875,トヨタ
2024-06-25,3096.348201048027,3200.8826198392703,3066.3429512098,3190.235595703125,トヨタ
2024-06-26,3208.625982375372,3210.561804989173,3146.679658733736,3170.87744140625,トヨタ
2024-06-27,3194.10715012546,3195.0750613830737,3143.7757647295434,3158.29443359375,トヨタ
2024-06-28,3193.139424481146,3207.658094189305,3166.037907692582,3184.42822265625,トヨタ
2024-07-01,3218.3052146623545,3219.27312600511,3156.358888725996,3178.620849609375,トヨタ
2024-07-02,3179.5885977757935,3230.8878963091624,3162.1661945003098,3226.04833984375,トヨタ
2024-07-03,3237.6634024024906,3240.5671363956767,3187.332013187265,3218.30517578125,トヨタ
2024-07-04,3243.4708034163273,3289.9305463479845,3229.9200450612607,3282.187255859375,トヨタ
2024-07-05,3275.4117921907955,3289.9304614824214,3204.7542683048828,3212.49755859375,トヨタ
2024-07-08,3212.497607273235,3212.497607273235,3171.8453326406725,3179.588623046875,トヨタ
2024-07-09,3167.0058910311545,3190.2357630925076,3128.2894375955657,3165.070068359375,トヨタ
2024-07-10,3156.358899849376,3193.139531003708,3151.519343118543,3185.396240234375,トヨタ
2024-07-11,3216.3693919768434,3219.27312600511,3177.6529382666195,3178.620849609375,トヨタ
2024-07-12,3144.7436252004427,3186.363808605681,3136.0324240226023,3168.94140625,トヨタ
2024-07-16,3188.2998333659953,3199.9147690066725,3163.13413947786,3164.10205078125,トヨタ
2024-07-17,3159.2623645897356,3179.588501126618,3142.8078731074975,3149.583251953125,トヨタ
2024-07-18,3049.8885859088964,3082.7975709678944,3040.20947265625,3040.20947265625,トヨタ
2024-07-19,3046.016822481323,3057.631757934064,3010.2041048353717,3032.466064453125,トヨタ
2024-07-22,3005.3646169125454,3016.979552630082,2986.0063907166514,2990.845947265625,トヨタ
2024-07-23,3029.5624660763106,3054.7281606826955,2985.03854484963,3009.236328125,トヨタ
2024-07-24,3024.722683814264,3072.1503354964716,2992.7816122731856,3000.52490234375,トヨタ
2024-07-25,2942.450512210265,2965.6803846750827,2909.5415262184397,2923.09228515625,トヨタ
2024-07-26,2909.5414515364496,2911.4772741921624,2814.686141406519,2815.654052734375,トヨタ
2024-07-29,2863.0817666203234,2892.1191070525783,2837.916071579036,2871.79296875,トヨタ
2024-07-30,2871.7928082437325,2926.9637519814783,2849.5308484899047,2900.34619140625,トヨタ
2024-07-31,2835.0121357511284,2866.9532079531728,2778.389325938414,2854.370361328125,トヨタ
2024-08-01,2807.9106591851146,2818.5576834012595,2611.424666832623,2612.392578125,トヨタ
2024-08-02,2493.3395793036752,2566.9008401837523,2456.5589488636365,2502.05078125,トヨタ
2024-08-05,2371.382584110383,2382.029607957409,2112.950278005292,2160.3779296875,トヨタ
2024-08-06,2450.7514419616264,2469.625712545454,2327.8267053387485,2437.20068359375,トヨタ
2024-08-07,2322.9871213257347,2509.794002332346,2294.9176936097156,2420.26220703125,トヨタ
2024-08-08,2381.0617875994494,2425.5857072049675,2357.347960853032,2372.3505859375,トヨタ
2024-08-09,2411.550987535112,2422.6819674093463,2334.6020397088864,2368.962890625,トヨタ
2024-08-13,2413.9707610468563,2453.1711683533513,2404.2916481316724,2447.84765625,トヨタ
2024-08-14,2482.692432928523,2551.898089440955,2478.336832168999,2532.055908203125,トヨタ
2024-08-15,2557.2217395857833,2606.1012618602276,2546.0907592658605,2572.224365234375,トヨタ
2024-08-16,2656.9165728473995,2660.3042624666946,2615.780341755955,2656.4326171875,トヨタ
2024-08-19,2642.3980133624436,2654.012949684916,2566.416971586271,2575.128173828125,トヨタ
2024-08-20,2618.6839464228083,2620.619768966828,2577.547717362387,2600.777587890625,トヨタ
2024-08-21,2567.868819909906,2610.456919448555,2559.157617731546,2606.101318359375,トヨタ
2024-08-22,2575.6119973359814,2587.2269330624117,2552.8660815383882,2579.483642578125,トヨタ
2024-08-23,2589.162852993481,2607.5531685848364,2566.9008920144715,2595.938232421875,トヨタ
2024-08-26,2551.41424408987,2563.9970912724075,2493.339564785852,2514.149658203125,トヨタ
2024-08-27,2526.732442235442,2566.9007610834674,2516.5693736112426,2559.157470703125,トヨタ
2024-08-28,2612.3926210596155,2667.563565631827,2610.456798443047,2658.368408203125,トヨタ
2024-08-29,2648.6892171956843,2665.143708952427,2633.20263671875,2633.20263671875,トヨタ
2024-08-30,2620.1360692713524,2697.0850229126795,2617.2323351716796,2670.951416015625,トヨタ
2024-09-02,2699.9887211157325,2730.9618844337833,2666.5957794134583,2691.761474609375,トヨタ
2024-09-03,2695.149184982498,2716.9271906072445,2681.1144702465504,2683.05029296875,トヨタ
2024-09-04,2591.582513779246,2637.0743450201885,2585.2910903097536,2588.19482421875,トヨタ
2024-09-05,2510.7618600454534,2567.384669919262,2503.0185698063,2532.055908203125,トヨタ
2024-09-06,2484.1442790265005,2518.5051291747336,2470.1095655856725,2499.630859375,トヨタ
2024-09-09,2417.84249765625,2426.553699609375,2370.414842578125,2419.7783203125,トヨタ
2024-09-10,2436.2328823186513,2455.591109432824,2411.0671870702267,2419.29443359375,トヨタ
2024-09-11,2371.3827673410406,2398.968240348885,2314.759954324938,2344.28125,トヨタ
2024-09-12,2405.2595677282816,2435.2648178689565,2392.6767208950955,2432.361083984375,トヨタ
2024-09-13,2402.3560190857306,2417.358645312898,2367.511209783923,2376.222412109375,トヨタ
2024-09-17,2358.315973524441,2379.6100229467834,2291.5300912452753,2328.794677734375,トヨタ
2024-09-18,2371.8665824537065,2406.7113883987518,2362.6714253293194,2405.259521484375,トヨタ
2024-09-19,2502.0506839865448,2548.510425894225,2478.336857387833,2526.732421875,トヨタ
2024-09-20,2581.41934322279,2582.3872544875903,2528.1842236587654,2549.478271484375,トヨタ
2024-09-24,2576.095979544057,2580.451580486363,2526.2485465376626,2533.02392578125,トヨタ
2024-09-25,2525.7643579808077,2579.4834313159045,2524.312491133913,2558.67333984375,トヨタ
2024-09-26,2585.7751305008424,2639.01025390625,2565.4489924733234,2639.01025390625,トヨタ
2024-09-27,2697.949713863461,2728.401722285004,2630.1694370542205,2702.861328125,トヨタ
2024-09-30,2554.530385209255,2577.614970501475,2480.8561768298305,2497.5556640625,トヨタ
2024-10-01,2523.5873905881344,2557.4775287645807,2513.764162131193,2550.110107421875,トヨタ
2024-10-02,2504.9230750373977,2549.1275998909987,2500.9937839392996,2524.078369140625,トヨタ
2024-10-03,2582.5265715843025,2602.664188441464,2544.215983417019,2555.5126953125,トヨタ
2024-10-04,2554.0393849997586,2559.4421606218734,2528.0078297295686,2540.286865234375,トヨタ
2024-10-07,2611.9964659364073,2615.4345959216566,2584.491426054414,2598.735107421875,トヨタ
2024-10-08,2559.442085907838,2572.212282460055,2511.3082681340966,2522.60498046875,トヨタ
2024-10-09,2545.1984480903793,2548.636577989382,2500.5027594033427,2518.1845703125,トヨタ
2024-10-10,2550.1100867063396,2570.7388662983403,2533.4105984651965,2535.375244140625,トヨタ
2024-10-11,2540.2866839871194,2549.6187503049377,2514.746291959407,2516.7109375,トヨタ
2024-10-15,2546.1806598581215,2553.056919356195,2509.834716796875,2509.834716796875,トヨタ
2024-10-16,2482.8208467479367,2523.5872424512163,2468.0860049274743,2480.856201171875,トヨタ
2024-10-17,2503.940822437543,2536.848636306377,2500.011531229324,2505.414306640625,トヨタ
2024-10-18,2528.9900074987754,2528.9900074987754,2492.1529030974534,2507.37890625,トヨタ
2024-10-21,2504.9232304295565,2526.043171392002,2488.7149036444243,2496.573486328125,トヨタ
2024-10-22,2522.1137371550376,2530.9546421733025,2482.8208259627486,2500.011474609375,トヨタ
2024-10-23,2528.0078284779115,2608.5583013495607,2526.5343442180642,2574.177001953125,トヨタ
2024-10-24,2543.2337592309077,2573.19460498469,2511.3082678539263,2556.4951171875,トヨタ
2024-10-25,2548.6365311842696,2572.7034400353064,2530.4635591947117,2554.039306640625,トヨタ
2024-10-28,2568.7742472135324,2672.409307665168,2561.406825854411,2659.14794921875,トヨタ
2024-10-29,2661.112584596829,2671.9181358816445,2638.027997761087,2651.780517578125,トヨタ
2024-10-30,2637.5368043230224,2692.0557215073527,2632.625190162272,2663.568359375,トヨタ
2024-10-31,2652.2717046248836,2669.462354562267,2607.084853360904,2635.0810546875,トヨタ
2024-11-01,2582.526739162415,2609.540617187127,2556.004022556335,2569.265380859375,トヨタ
2024-11-05,2589.894046530483,2604.1377270443054,2570.2475906493496,2592.349853515625,トヨタ
2024-11-06,2569.756540003958,2670.9357921524315,2508.852524147595,2637.045654296875,トヨタ
2024-11-07,2735.2777998121123,2763.27399923558,2685.670499079302,2713.175537109375,トヨタ
2024-11-08,2699.4231734154932,2699.4231734154932,2611.9964403609156,2615.4345703125,トヨタ
2024-11-11,2612.978603951738,2636.5543507543102,2606.593505859375,2606.593505859375,トヨタ
2024-11-12,2629.1871158626527,2708.264105523383,2619.36388733337,2668.97119140625,トヨタ
2024-11-13,2668.9711147339876,2675.356213094595,2601.190839829076,2614.943359375,トヨタ
2024-11-14,2669.9533436826,2696.4760590171954,2618.87255859375,2618.87255859375,トヨタ
2024-11-15,2655.709766320223,2696.476163694844,2651.2893135928543,2656.200927734375,トヨタ
2024-11-18,2627.2223165879873,2647.8510952936695,2616.4167658373917,2628.69580078125,トヨタ
2024-11-19,2652.2715762909725,2688.617520114219,2646.868800857787,2682.232421875,トヨタ
2024-11-20,2685.67055536496,2695.0026220350283,2643.9218360514956,2650.798095703125,トヨタ
2024-11-21,2658.6567427085524,2664.0595182802863,2627.222412109375,2627.222412109375,トヨタ
2024-11-22,2648.3423389414056,2655.7097601365317,2617.399169921875,2617.399169921875,トヨタ
2024-11-25,2661.112577686462,2681.2501959376887,2643.921927959805,2646.868896484375,トヨタ
2024-11-26,2646.377746822282,2649.3247153599464,2569.7565648430177,2620.34619140625,トヨタ
2024-11-27,2554.039364091064,2561.406785333634,2507.3790295547847,2525.552001953125,トヨタ
2024-11-28,2545.198362618971,2565.335979922594,2518.184485748256,2560.91552734375,トヨタ
2024-11-29,2565.827260389109,2571.7211974344136,2501.4851143112046,2506.396728515625,トヨタ
2024-12-02,2519.658119438344,2574.177037812156,2511.799536609686,2564.844970703125,トヨタ
2024-12-03,2564.8448815899555,2617.89031384038,2557.9686218537895,2605.1201171875,トヨタ
2024-12-04,2587.9293406365805,2610.5227643733965,2565.335916899765,2584.4912109375,トヨタ
2024-12-05,2602.1731205624287,2602.664281966838,2566.8094994449325,2585.4736328125,トヨタ
2024-12-06,2600.208421523601,2605.1200354667885,2570.7387378644744,2582.526611328125,トヨタ
2024-12-09,2582.5267803485576,2598.735107421875,2578.5974889368445,2598.735107421875,トヨタ
2024-12-10,2638.0279702060056,2652.2716512963007,2620.3461591973637,2632.134033203125,トヨタ
2024-12-11,2645.8866060767123,2651.780543198101,2619.855050457246,2635.0810546875,トヨタ
2024-12-12,2667.006450215968,2675.8473555758,2655.2185764028586,2670.444580078125,トヨタ
2024-12-13,2621.3283134792778,2649.815673828125,2621.3283134792778,2649.815673828125,トヨタ
2024-12-16,2650.3070229789655,2667.0065112631178,2636.554503215546,2644.4130859375,トヨタ
2024-12-17,2640.483816651076,2661.6037578928904,2622.8020053788587,2625.2578125,トヨタ
2024-12-18,2643.430761844111,2690.0910967335926,2642.4484390043326,2678.30322265625,トヨタ
2024-12-19,2629.187077280008,2677.812057786401,2616.9080417985956,2675.847412109375,トヨタ
2024-12-20,2699.914144555563,2757.8711882262114,2687.1439484925386,2722.507568359375,トヨタ
2024-12-23,2755.41552312701,2788.8144991649133,2734.786743809482,2786.849853515625,トヨタ
2024-12-24,2799.6200965195103,2807.478679246583,2778.9913168609455,2784.88525390625,トヨタ
2024-12-25,2779.973530363204,2912.095947265625,2743.136425278886,2912.095947265625,トヨタ
2024-12-26,2946.968413704448,3108.069353653624,2942.056799681607,3086.458251953125,トヨタ
2024-12-27,3147.3621839956477,3163.0793484600454,3098.246045044405,3131.64501953125,トヨタ
2024-12-30,3125.7510710835686,3132.627330510842,3080.564223418627,3090.387451171875,トヨタ
2025-01-06,3048.147622616811,3049.129945408502,2946.9683750726504,2957.77392578125,トヨタ
2025-01-07,2950.897819949009,3071.723529620689,2941.5657529418463,2998.04931640625,トヨタ
2025-01-08,2996.0845540099763,3038.324434607494,2988.2259715732284,3018.677978515625,トヨタ
2025-01-09,3015.7311113963706,3016.713434233959,2944.512705671212,2951.880126953125,トヨタ
2025-01-10,2936.1628089894375,2973.4910748782295,2876.2411190100615,2880.17041015625,トヨタ
2025-01-14,2880.170424011178,2930.268886366079,2846.7714491079105,2856.103515625,トヨタ
2025-01-15,2878.69702910062,2891.4672257832026,2840.3864390528724,2849.718505859375,トヨタ
2025-01-16,2838.912963221768,2842.842254520345,2771.1326883213173,2786.849853515625,トヨタ
2025-01-17,2769.168072343386,2781.447107783007,2737.2425802003704,2738.716064453125,トヨタ
2025-01-20,2786.8497059253864,2843.333265351086,2779.9734465170404,2819.266357421875,トヨタ
2025-01-21,2868.382553713485,2904.2373356349035,2803.0580880210373,2824.669189453125,トヨタ
2025-01-22,2848.7361546180973,2883.1174530359017,2841.3687335285676,2863.962158203125,トヨタ
2025-01-23,2841.859859859108,2876.241157852564,2806.4962390658384,2873.294189453125,トヨタ
2025-01-24,2842.842122113508,2879.679226321959,2812.3901159678558,2831.54541015625,トヨタ
2025-01-27,2861.9974243247616,2889.5024622108413,2859.050455979824,2870.34716796875,トヨタ
2025-01-28,2848.7362649247275,2884.099887523793,2838.421875,2838.421875,トヨタ
2025-01-29,2865.4356141178278,2884.590908761399,2847.2626422764906,2878.205810546875,トヨタ
2025-01-30,2875.258771925467,2911.113553331439,2870.838319423361,2896.869873046875,トヨタ
2025-01-31,2884.0996635646125,2935.180447796683,2869.3648219592073,2920.936767578125,トヨタ
2025-02-03,2775.061962190487,2820.248811840315,2751.486214547099,2774.57080078125,トヨタ
2025-02-04,2856.1035152001123,2871.3295184625717,2817.301764950618,2822.21337890625,トヨタ
2025-02-05,2841.8599601794526,2971.5265743321274,2794.708464123935,2910.62255859375,トヨタ
2025-02-06,2908.6578787252993,2962.6856339869983,2843.82457241126,2852.17431640625,トヨタ
2025-02-07,2809.443260837095,2825.6515873419244,2767.2033796426913,2774.57080078125,トヨタ
2025-02-10,2776.044384083016,2792.74387259307,2764.2565098406258,2775.55322265625,トヨタ
2025-02-12,2755.4155203683035,2762.2917801339286,2711.702154715402,2750.50390625,トヨタ
2025-02-13,2799.620132567798,2817.301943931384,2775.55322265625,2775.55322265625,トヨタ
2025-02-14,2817.7929761495197,2831.0543340641157,2753.941993597761,2754.92431640625,トヨタ
2025-02-17,2744.1188690202052,2750.0128060934544,2690.091112515422,2724.472412109375,トヨタ
2025-02-18,2717.104839417462,2778.9911752393346,2708.2639343000515,2754.43310546875,トヨタ
2025-02-19,2716.122594122834,2742.154148822384,2695.493814926964,2706.79052734375,トヨタ
2025-02-20,2682.2323934121932,2682.723554809998,2638.519029007563,2662.5859375,トヨタ
2025-02-21,2638.5190711180016,2663.077141400187,2630.6604886277023,2658.16552734375,トヨタ
2025-02-25,2603.155408365615,2669.9533584670726,2603.155408365615,2662.5859375,トヨタ
2025-02-26,2653.7450043900517,2681.250042377437,2621.3283524763474,2676.82958984375,トヨタ
2025-02-27,2687.1439662363337,2734.78662109375,2684.196997894638,2734.78662109375,トヨタ
2025-02-28,2687.6352370188733,2696.9673038140777,2641.466064453125,2641.466064453125,トヨタ
2025-03-03,2695.984982687416,2752.468544904405,2675.3562034429506,2745.59228515625,トヨタ
2025-03-04,2696.4761836320536,2727.4193529524214,2676.829726920709,2704.825927734375,トヨタ
2025-03-05,2725.9458553583963,2824.1781384343744,2716.1226270507987,2799.12890625,トヨタ
2025-03-06,2809.443307476196,2834.983701180525,2767.6945869979654,2772.606201171875,トヨタ
2025-03-07,2700.8966556566766,2753.450927734375,2700.8966556566766,2753.450927734375,トヨタ
2025-03-10,2763.2740460824275,2791.761407382246,2744.118751415308,2778.9912109375,トヨタ
2025-03-11,2721.5252699949797,2730.3661750409838,2665.0417099788415,2705.80810546875,トヨタ
2025-03-12,2701.387614330131,2717.104778631688,2681.7411589531844,2712.684326171875,トヨタ
2025-03-13,2711.2110272905943,2715.1403186344933,2670.935791015625,2670.935791015625,トヨタ
2025-03-14,2674.3739586355646,2734.2956524745982,2674.3739586355646,2697.94970703125,トヨタ
2025-03-17,2701.3877588129412,2742.6453173111754,2701.3877588129412,2711.7021484375,トヨタ
2025-03-18,2749.5215407879095,2806.496263676691,2748.539217979482,2788.814453125,トヨタ
2025-03-19,2813.3726457144708,2875.25898533738,2813.3726457144708,2840.877685546875,トヨタ
2025-03-21,2800.60238354033,2838.91297384481,2787.8321867721697,2794.21728515625,トヨタ
2025-03-24,2823.19568736629,2838.4216905514595,2799.1287791058603,2812.39013671875,トヨタ
2025-03-25,2864.453223249133,2908.6577482992734,2819.757536809546,2831.54541015625,トヨタ
2025-03-26,2847.262581845238,2848.2449046266233,2795.199474431818,2836.45703125,トヨタ
2025-03-27,2730.857344882447,2778.5,2722.016439809086,2778.5,トヨタ
2025-03-28,2725.0,2728.0,2687.0,2700.5,トヨタ
2025-03-31,2630.5,2647.0,2583.5,2616.0,トヨタ
2025-04-01,2649.0,2656.5,2616.5,2630.5,トヨタ
2025-04-02,2630.5,2661.0,2594.5,2656.0,トヨタ
2025-04-03,2500.5,2582.5,2456.5,2518.5,トヨタ
2025-04-04,2440.0,2453.0,2337.5,2407.5,トヨタ
2025-04-07,2250.0,2355.0,2226.5,2266.5,トヨタ
2025-04-08,2357.5,2466.0,2351.0,2428.5,トヨタ
2025-04-09,2378.5,2419.0,2330.0,2365.5,トヨタ
2025-04-10,2615.5,2621.0,2508.5,2543.0,トヨタ
2025-04-11,2400.0,2441.0,2350.5,2420.0,トヨタ
2025-04-14,2444.5,2482.0,2409.0,2410.0,トヨタ
2025-04-15,2526.0,2546.0,2499.0,2499.0,トヨタ
2025-04-16,2497.0,2520.0,2461.0,2499.0,トヨタ
2025-04-17,2498.5,2520.5,2475.0,2498.5,トヨタ
2025-04-18,2506.0,2544.0,2496.5,2544.0,トヨタ
2025-04-21,2530.5,2538.5,2459.0,2470.5,トヨタ
2025-04-22,2458.5,2485.0,2440.0,2459.0,トヨタ
2025-04-23,2561.0,2590.0,2535.0,2582.0,トヨタ
2025-04-24,2627.0,2718.0,2619.0,2657.5,トヨタ
2025-04-25,2699.5,2712.0,2671.5,2690.0,トヨタ
2025-04-28,2724.5,2841.0,2719.0,2786.5,トヨタ
2025-04-30,2795.5,2801.0,2729.0,2729.0,トヨタ
2025-05-01,2727.0,2752.5,2708.5,2751.0,トヨタ
2025-05-02,2798.0,2822.0,2773.0,2780.0,トヨタ
2025-05-07,2760.5,2761.0,2702.0,2706.0,トヨタ
2025-05-08,2706.0,2740.0,2632.5,2671.5,トヨタ
2025-05-09,2750.0,2756.5,2685.5,2719.5,トヨタ
2025-05-12,2726.0,2758.0,2718.5,2753.5,トヨタ
2025-05-13,2853.5,2879.5,2846.0,2850.0,トヨタ
2025-05-14,2830.0,2832.5,2731.0,2749.5,トヨタ
2025-05-15,2709.0,2718.0,2647.0,2657.0,トヨタ
2025-05-16,2642.0,2652.0,2598.0,2642.5,トヨタ
2025-05-19,2642.5,2695.0,2621.5,2665.0,トヨタ
2025-05-20,2724.5,2727.5,2649.5,2672.5,トヨタ
2025-05-21,2700.0,2700.0,2662.0,2662.5,トヨタ
2025-05-22,2633.0,2634.5,2612.0,2620.0,トヨタ
2025-05-23,2647.0,2649.5,2620.5,2623.5,トヨタ
2025-05-26,2624.0,2633.0,2607.5,2621.5,トヨタ
2025-05-27,2609.0,2649.5,2604.0,2640.0,トヨタ
2025-05-28,2680.0,2680.5,2631.5,2631.5,トヨタ
2025-05-29,2707.0,2742.0,2697.0,2734.5,トヨタ
2025-05-30,2668.5,2769.0,2662.0,2769.0,トヨタ
2025-06-02,2737.5,2742.5,2686.5,2691.0,トヨタ
2025-06-03,2681.5,2684.0,2655.0,2675.0,トヨタ
2025-06-04,2730.0,2735.0,2700.0,2724.5,トヨタ
2025-06-05,2685.0,2694.5,2640.0,2650.5,トヨタ
2025-06-06,2630.5,2664.0,2630.0,2652.0,トヨタ
2025-06-09,2670.0,2672.0,2637.0,2640.0,トヨタ
2025-06-10,2653.0,2663.5,2640.0,2657.5,トヨタ
2025-06-11,2670.0,2678.0,2652.0,2656.0,トヨタ
2025-06-12,2645.0,2648.0,2608.0,2616.5,トヨタ
2025-06-13,2586.0,2589.0,2539.0,2555.0,トヨタ
2025-06-16,2580.5,2586.0,2554.0,2554.5,トヨタ
2025-06-17,2535.0,2551.0,2530.5,2538.0,トヨタ
2025-06-18,2525.0,2575.0,2520.5,2569.0,トヨタ
2025-06-19,2556.0,2564.5,2522.0,2525.5,トヨタ
2025-06-20,2511.0,2541.5,2502.5,2502.5,トヨタ
2025-06-23,2500.0,2500.5,2464.0,2493.5,トヨタ
2025-06-24,2528.5,2535.5,2475.0,2490.0,トヨタ
2025-06-25,2504.0,2506.0,2445.0,2460.5,トヨタ
2025-06-26,2441.0,2462.0,2434.0,2456.5,トヨタ
2025-06-27,2499.0,2551.5,2486.5,2527.0,トヨタ
2025-06-30,2535.0,2538.0,2490.0,2493.0,トヨタ
2025-07-01,2490.0,2493.0,2447.5,2453.0,トヨタ
2025-07-02,2450.0,2480.5,2443.0,2465.5,トヨタ
2025-07-03,2465.5,2540.0,2448.5,2511.5,トヨタ
2025-07-04,2524.0,2529.5,2479.0,2484.5,トヨタ
2025-07-07,2500.0,2502.0,2442.0,2453.5,トヨタ
2025-07-08,2456.0,2486.0,2451.5,2465.0,トヨタ
2025-07-09,2499.0,2533.5,2478.5,2487.5,トヨタ
2025-07-10,2479.0,2482.5,2463.0,2473.5,トヨタ
2025-07-11,2501.5,2524.5,2477.0,2508.0,トヨタ
2023-07-14,6274.357360276207,6281.129989655071,6153.417549939349,6181.4755859375,任天堂
2023-07-18,6143.74180823752,6191.150209592423,6133.099105892541,6153.4169921875,任天堂
2023-07-19,6195.020346291825,6228.883490461779,6182.4426070287,6224.0458984375,任天堂
2023-07-20,6210.500320733762,6261.7787935486695,6182.442288438813,6217.27294921875,任天堂
2023-07-21,6217.273350464514,6250.168976657447,6190.182834776215,6209.533203125,任天堂
2023-07-24,6286.934955328003,6326.603212202187,6269.519623041776,6299.5126953125,任天堂
2023-07-25,6250.169004576188,6265.649299324364,6190.182862427005,6233.72119140625,任天堂
2023-07-26,6177.605278862848,6186.312944878472,6095.3662109375,6095.3662109375,任天堂
2023-07-27,6101.171171372628,6185.345274117541,6087.625913459653,6168.8974609375,任天堂
2023-07-28,6090.528715456061,6172.767784687795,6044.08782930167,6147.6123046875,任天堂
2023-07-31,6216.305692450945,6260.8115386537065,6185.345103788154,6240.49365234375,任天堂
2023-08-01,6241.461512566647,6257.9093261945545,6158.254925978407,6249.20166015625,任天堂
2023-08-02,6201.793103209825,6222.110990131418,6129.2292213469955,6148.57958984375,任天堂
2023-08-03,6148.5796115809835,6171.800053859181,6077.950766318134,6150.5146484375,任天堂
2023-08-04,6027.639503503727,6046.989871091218,5915.407371496273,5971.5234375,任天堂
2023-08-07,5948.303160915938,6061.502814433694,5944.4330872914,6029.57470703125,任天堂
2023-08-08,6033.444717270965,6073.112971505749,5953.140690405428,5958.94580078125,任天堂
2023-08-09,5952.173508060415,5991.84176453481,5935.7256944003,5945.40087890625,任天堂
2023-08-10,5965.718455515867,6051.827593131974,5939.595458710981,6047.95751953125,任天堂
2023-08-14,6046.990212649297,6106.008837124755,6022.8022517987,6045.05517578125,任天堂
2023-08-15,6089.560546875,6096.333175382805,6057.63244105249,6089.560546875,任天堂
2023-08-16,6109.87890050734,6126.326713857875,6055.697868293815,6087.6259765625,任天堂
2023-08-17,6072.145437651699,6084.723176767294,5952.173156856796,5979.263671875,任天堂
2023-08-18,5930.8880098122645,5972.491302540148,5886.382161777784,5915.40771484375,任天堂
2023-08-21,5911.537305866769,5968.620890326039,5893.154456634124,5928.95263671875,任天堂
2023-08-22,5985.068797472449,5987.003834264389,5928.95273050617,5958.94580078125,任天堂
2023-08-23,5939.595510516875,6009.2568359375,5928.952808022057,6009.2568359375,任天堂
2023-08-24,6024.73739185504,6024.73739185504,5942.498323554465,5945.40087890625,任天堂
2023-08-25,5893.154209220368,5927.017351121979,5875.738879099539,5885.4140625,任天堂
2023-08-28,5950.238308925861,5980.231380076544,5938.628087835274,5974.42626953125,任天堂
2023-08-29,5992.808841846241,6036.347168918098,5965.718327223753,5971.5234375,任天堂
2023-08-30,5993.776628169471,6061.502917753307,5984.101443943208,6016.9970703125,任天堂
2023-08-31,6016.99710373721,6084.723393697269,6011.191993169205,6063.43798828125,任天堂
2023-09-01,6056.665613969269,6098.268908122732,6032.477652252139,6064.40576171875,任天堂
2023-09-04,6087.625948981271,6097.30113326128,6043.120101293232,6063.43798828125,任天堂
2023-09-05,6091.49536405204,6112.7807671665805,6037.314337942302,6070.2099609375,任天堂
2023-09-06,6095.366216343113,6155.3523600595045,6090.528624107919,6117.619140625,任天堂
2023-09-07,6125.359530885016,6161.15771484375,6104.07412420685,6161.15771484375,任天堂
2023-09-08,6161.157606558666,6210.501048445364,6108.911609266868,6151.482421875,任天堂
2023-09-11,6201.793021640748,6241.461276537358,6130.196659144427,6163.09228515625,任天堂
2023-09-12,6187.280479667137,6204.695811744386,6110.846522216988,6162.125,任天堂
2023-09-13,6162.125328771398,6186.313291280314,6091.4964782453635,6104.07421875,任天堂
2023-09-14,6157.287489302998,6198.89078314964,6102.138936994659,6147.6123046875,任天堂
2023-09-15,6136.001909674286,6162.124907397591,6107.943875082587,6132.1318359375,任天堂
2023-09-19,6156.319803479475,6241.46142578125,6127.294250422052,6241.46142578125,任天堂
2023-09-20,6245.331693053284,6260.811988496948,6047.957926146565,6062.470703125,任天堂
2023-09-21,6032.47713259792,6069.242831240858,5944.432959531936,5953.140625,任天堂
2023-09-22,5913.472349516339,5975.393525951065,5903.797165698413,5951.20556640625,任天堂
2023-09-25,5954.10818520671,6031.509656577613,5952.173148422437,6021.83447265625,任天堂
2023-09-26,6022.8018958728535,6075.047888222594,5984.101160798972,6056.6650390625,任天堂
2023-09-27,6023.769764526857,6049.8927622207575,5968.621213839734,6022.80224609375,任天堂
2023-09-28,6041.424457366506,6105.131885940294,5997.319314507731,6029.6630859375,任天堂
2023-09-29,6033.583361444121,6116.893073224945,6032.603247187876,6106.11181640625,任天堂
2023-10-02,6152.17738628543,6160.018300590079,5973.7965858546595,6008.1005859375,任天堂
2023-10-03,5996.339106889204,6084.549391233766,5976.736821479302,6037.50390625,任天堂
2023-10-04,5949.293742901215,6002.219914584357,5932.6317999639305,5986.5380859375,任天堂
2023-10-05,6025.742321895096,6099.250889582496,5983.59740975432,6096.310546875,任天堂
2023-10-06,6077.688449665983,6191.381702393164,6049.265136484188,6120.8134765625,任天堂
2023-10-10,6120.813436639647,6189.421433527522,6070.827610335625,6185.5009765625,任天堂
2023-10-11,6166.879072802742,6210.00410128388,6128.654615739915,6183.541015625,任天堂
2023-10-12,6201.182957830954,6257.049470964566,6175.699986927903,6223.7255859375,任天堂
2023-10-13,6174.71997117596,6174.71997117596,6034.563628973077,6072.7880859375,任天堂
2023-10-16,6045.344839339718,6111.012495668473,6030.643125236265,6076.70849609375,任天堂
2023-10-17,6077.688660056728,6104.1517456592965,5983.5976890253705,6001.23974609375,任天堂
2023-10-18,6001.239532081117,6031.623073726473,5951.2537055032735,5988.498046875,任天堂
2023-10-19,5941.4525297970185,6070.827609627637,5935.571844350172,5970.85595703125,任天堂
2023-10-20,5958.114731847879,6004.180103191332,5915.969817640039,5979.67724609375,任天堂
2023-10-23,5917.930200650033,5966.935916124115,5897.347800150919,5946.353515625,任天堂
2023-10-24,5965.9553924846605,5974.776420664776,5883.625796136917,5960.07470703125,任天堂
2023-10-25,6003.199674242137,6064.946870891485,5989.478074986727,6057.10595703125,任天堂
2023-10-26,6019.861877401488,6037.503934352518,5983.597649224371,5994.37890625,任天堂
2023-10-27,6045.34495810561,6100.231358503456,6008.100614978501,6097.291015625,任天堂
2023-10-30,6066.907227201089,6067.887341454272,5979.677058667827,5995.35888671875,任天堂
2023-10-31,6048.285300984066,6111.012615724461,5994.379014879039,6097.291015625,任天堂
2023-11-01,6216.864766754779,6250.188651678263,6165.898825107097,6184.52099609375,任天堂
2023-11-02,6238.427339955586,6291.35351063235,6197.262540540325,6230.58642578125,任天堂
2023-11-06,6233.526984826843,6305.07532914954,6169.819554950468,6304.09521484375,任天堂
2023-11-07,6282.5321523835155,6319.77649275646,6238.427012468187,6258.029296875,任天堂
2023-11-08,6468.754541145372,6697.121178734292,6401.12665276067,6639.29443359375,任天堂
2023-11-09,6737.305702027033,7017.618391986261,6703.981815808103,7008.79736328125,任天堂
2023-11-10,6968.612416563046,6969.592530826979,6723.5838505798165,6724.56396484375,任天堂
2023-11-13,6858.840143234736,6940.18963335884,6804.933854598281,6874.52197265625,任天堂
2023-11-14,6968.612773320447,6969.592887634556,6853.939398569604,6868.64111328125,任天堂
2023-11-15,6841.197833354929,6877.462062557526,6794.152346821829,6854.91943359375,任天堂
2023-11-16,6835.316581956481,6924.506976128841,6827.475668183087,6912.74560546875,任天堂
2023-11-17,6900.00476893176,6904.905340500603,6774.550136769364,6807.8740234375,任天堂
2023-11-20,6772.589422248391,6782.390564682904,6648.114913330078,6664.77685546875,任天堂
2023-11-21,6712.802647502876,6728.484475851546,6661.836705369697,6709.8623046875,任天堂
2023-11-22,6733.384912391618,6800.032681539017,6699.080913565751,6782.390625,任天堂
2023-11-24,6821.595732191056,6827.476418167083,6717.70361328125,6717.70361328125,任天堂
2023-11-27,6762.78819912706,6845.117794594693,6709.862030612152,6722.603515625,任天堂
2023-11-28,6757.8879181301745,6762.788489499377,6660.856605019966,6688.2998046875,任天堂
2023-11-29,6708.882425723452,6713.782997254294,6662.817053333532,6690.26025390625,任天堂
2023-11-30,6690.259977835196,6778.470261750398,6674.5781495836045,6774.5498046875,任天堂
2023-12-01,6779.450289025185,6790.231545809814,6709.862177051672,6771.609375,任天堂
2023-12-04,6745.146797666111,6761.808741223263,6651.055822284543,6678.4990234375,任天堂
2023-12-05,6673.598097588021,6730.444725530466,6640.274212242451,6677.5185546875,任天堂
2023-12-06,6667.717416690341,6755.927701491478,6642.234445525569,6738.28564453125,任天堂
2023-12-07,6772.589429045377,6843.157654644692,6719.663259845891,6725.5439453125,任天堂
2023-12-08,6726.524322913794,6752.007294266811,6654.975980268783,6662.81689453125,任天堂
2023-12-11,6713.782733978139,6804.933360877404,6672.617934733309,6752.9873046875,任天堂
2023-12-12,6776.510012542746,6884.3225814434845,6776.510012542746,6806.8935546875,任天堂
2023-12-13,6816.694798415842,6830.416398297628,6752.007256115994,6788.271484375,任天堂
2023-12-14,6694.180202904032,6758.867742200029,6676.538146732396,6722.603515625,任天堂
2023-12-15,6654.975726413812,6702.021210194056,6595.188757443083,6643.21435546875,任天堂
2023-12-18,6613.811126820968,6677.5185546875,6604.99009834714,6677.5185546875,任天堂
2023-12-19,6743.186353355681,6821.595496999351,6712.802810193758,6798.07275390625,任天堂
2023-12-20,6824.535865151651,6876.4819230078965,6812.774493561557,6826.49609375,任天堂
2023-12-21,6806.893909123732,6816.695052261419,6758.868307749064,6807.8740234375,任天堂
2023-12-22,6811.794480692575,6873.541682460004,6778.4705940244385,6807.8740234375,任天堂
2023-12-25,6845.118509676053,6873.541825366288,6773.570163283391,6796.11279296875,任天堂
2023-12-26,6821.595507728639,6848.05859375,6805.91367897524,6848.05859375,任天堂
2023-12-27,6860.800032999755,6991.15523362675,6849.038661514613,6984.29443359375,任天堂
2023-12-28,6953.910444509126,7044.080953444269,6940.188845323343,6991.15478515625,任天堂
2023-12-29,7055.842844831796,7247.945247608158,7044.081473233243,7212.6611328125,任天堂
2024-01-04,7083.286122810083,7129.351495408959,6996.055949165403,7033.30029296875,任天堂
2024-01-05,7058.782835105739,7145.032889186453,7053.882263851153,7079.365234375,任天堂
2024-01-09,7159.734458366672,7417.504501152494,7145.0327448998,7388.10107421875,任天堂
2024-01-10,7493.953852896707,7744.863110854012,7470.43110996321,7667.43408203125,任天堂
2024-01-11,7770.345923805959,7914.422721333643,7685.075982412023,7772.30615234375,任天堂
2024-01-12,7850.715084735577,8017.334506009615,7801.709372596153,7963.42822265625,任天堂
2024-01-15,7935.985197049198,7992.831824371522,7870.317541349273,7969.30908203125,任天堂
2024-01-16,7935.985569548456,7992.832199539046,7850.71562456257,7877.1787109375,任天堂
2024-01-17,7850.715421815963,7941.866050308958,7762.505136177582,7782.107421875,任天堂
2024-01-18,7815.431533961033,7923.244108419989,7796.809362009031,7905.60205078125,任天堂
2024-01-19,8071.2407826111385,8084.962381998698,7960.48787326869,7974.20947265625,任天堂
2024-01-22,7987.931092144692,8017.33451947774,7865.416811590326,7941.86572265625,任天堂
2024-01-23,7919.3235025961185,8044.778132340215,7882.079159390839,7928.14453125,任天堂
2024-01-24,7865.416913021719,7897.760683505173,7748.783316429871,7780.14697265625,任天堂
2024-01-25,7799.749103796883,7849.734929920738,7773.286019378371,7813.470703125,任天堂
2024-01-26,7812.491128619281,7845.815015004057,7733.101869879077,7738.00244140625,任天堂
2024-01-29,7833.073180269744,7938.925520543659,7819.351580604607,7930.1044921875,任天堂
2024-01-30,8035.957160891594,8221.198763941784,8024.19578926936,8106.525390625,任天堂
2024-01-31,8046.738567990373,8144.75,8012.434566787004,8144.75,任天堂
2024-02-01,8124.167599277978,8176.113658243081,8091.823826714801,8144.75,任天堂
2024-02-02,8186.894191480909,8321.169841454916,8062.419683840771,8307.4482421875,任天堂
2024-02-05,8307.448100025995,8338.811754957664,8240.800333296196,8247.6611328125,任天堂
2024-02-06,8222.178986091212,8275.105159085482,8129.068126193887,8209.4375,任天堂
2024-02-07,8237.86028493361,8451.52519178852,8113.385774976849,8202.576171875,任天堂
2024-02-08,8281.965535953814,8517.192959460195,8210.41719463729,8448.5849609375,任天堂
2024-02-09,8510.332198051365,8532.874826239224,8367.235514771912,8526.994140625,任天堂
2024-02-13,8625.006189006888,8654.409619196686,8503.472010889065,8536.7958984375,任天堂
2024-02-14,8536.795351425995,8704.394892768572,8517.193065888852,8694.59375,任天堂
2024-02-15,8808.286687870985,8848.47137177025,8713.215606450769,8772.0224609375,任天堂
2024-02-16,8772.022865472518,8826.909265524637,8527.97440809792,8697.5341796875,任天堂
2024-02-19,8256.482732280696,8264.323646556366,7929.1245612714665,8189.8349609375,任天堂
2024-02-20,8242.76087739112,8251.581905678458,8022.235170207647,8098.68408203125,任天堂
2024-02-21,8134.9479182165815,8293.726419752857,8055.558667448444,8233.939453125,任天堂
2024-02-22,8233.939974406849,8288.826373474432,8166.31208984143,8251.58203125,任天堂
2024-02-26,8269.224269765653,8435.843699167117,8257.46289827849,8378.9970703125,任天堂
2024-02-27,8477.008616889985,8477.98873119417,8322.150556828867,8338.8125,任天堂
2024-02-28,8252.562894080205,8306.469183768379,8195.716261318134,8199.63671875,任天堂
2024-02-29,8156.511047014509,8275.104875023251,8105.545104399182,8232.9599609375,任天堂
2024-03-01,8281.965178939769,8329.010661613036,8210.416840707509,8315.2890625,任天堂
2024-03-04,8296.667920477737,8321.17077907336,8167.292827092851,8179.05419921875,任天堂
2024-03-05,8174.153463479589,8239.82112319819,8117.306832678411,8223.1591796875,任天堂
2024-03-06,8143.769784154948,8190.8152709330725,8118.286812150131,8163.3720703125,任天堂
2024-03-07,8231.979404011756,8293.726600398557,8130.047524262116,8157.49072265625,任天堂
2024-03-08,8137.889030359217,8159.451544952485,8059.479886383698,8067.32080078125,任天堂
2024-03-11,7978.130303420506,8146.7099609375,7956.567789086937,8146.7099609375,任天堂
2024-03-12,8107.505104179369,8107.505104179369,7989.8913937705765,8037.9169921875,任天堂
2024-03-13,8041.837695597212,8119.266723988702,8012.434267094114,8068.30078125,任天堂
2024-03-14,8020.275274848196,8060.4599609375,7988.911617412642,8060.4599609375,任天堂
2024-03-15,8002.633217540697,8106.525332795971,7976.170131579448,8060.4599609375,任天堂
2024-03-18,8018.314567681934,8121.2265625,8016.354339209209,8121.2265625,任天堂
2024-03-19,8074.181211582466,8192.775036127437,8052.618698028835,8191.794921875,任天堂
2024-03-21,8328.031060585574,8375.076546157907,8190.815060999605,8211.3974609375,任天堂
2024-03-22,8221.199014768277,8280.005874673629,8167.292726521704,8258.443359375,任天堂
2024-03-25,8256.483040125317,8256.483040125317,8103.5852060489215,8133.96875,任天堂
2024-03-26,8159.451004491153,8193.755002708232,8127.10723474362,8142.7890625,任天堂
2024-03-27,8203.557144582343,8301.568580001487,8181.994628790131,8242.76171875,任天堂
2024-03-28,8253.712939340794,8273.625395165502,8185.014966745558,8222.8486328125,任天堂
2024-03-29,8232.804801805178,8253.712880271487,8156.141847428711,8170.08056640625,任天堂
2024-04-01,8216.87525847385,8272.630137242122,8145.1904143432175,8174.0634765625,任天堂
2024-04-02,8144.194419245581,8190.988690358606,8088.439543025807,8111.3388671875,任天堂
2024-04-03,8013.767882315587,8013.767882315587,7711.0985524331245,7771.83154296875,任天堂
2024-04-04,7854.468279051249,7929.139989144904,7808.669630193807,7853.47265625,任天堂
2024-04-05,7713.089947827518,7723.046175977546,7593.615210027168,7707.1162109375,任天堂
2024-04-08,7765.857881199891,7836.547100374916,7737.980442651995,7823.60400390625,任天堂
2024-04-09,7835.551549664187,7852.477137509713,7759.884215766541,7847.4990234375,任天堂
2024-04-10,7816.634883181156,7833.560471388273,7751.9193988598245,7753.91064453125,任天堂
2024-04-11,7647.378666946034,7706.120411686278,7638.418061816166,7689.19482421875,任天堂
2024-04-12,7805.682975113123,7805.682975113123,7688.199481355042,7701.142578125,任天堂
2024-04-15,7616.514336671068,7634.435546875,7547.816364222663,7634.435546875,任天堂
2024-04-16,7546.820794551186,7556.777022512336,7478.122821619256,7491.06591796875,任天堂
2024-04-17,7596.601853473137,7612.531818041364,7482.105233139008,7551.798828125,任天堂
2024-04-18,7566.733589529253,7621.492845769267,7500.026859200508,7555.78173828125,任天堂
2024-04-19,7492.061761847124,7542.838525947351,7349.687697801392,7422.3681640625,任天堂
2024-04-22,7454.227857272633,7514.960847695183,7412.411699932517,7492.0615234375,任天堂
2024-04-23,7532.882037293279,7561.755098234529,7436.3066265587495,7465.1796875,任天堂
2024-04-24,7473.144950092585,7515.956731714485,7433.320036955934,7477.12744140625,任天堂
2024-04-25,7417.389923103945,7456.219212634287,7333.757607192437,7373.58251953125,任天堂
2024-04-26,7506.99615426649,7618.505911465143,7468.166863813387,7615.51904296875,任天堂
2024-04-30,7716.076691780684,7742.958507352048,7617.510034685679,7686.2080078125,任天堂
2024-05-01,7686.207981087142,7708.111682587649,7582.66321035747,7603.5712890625,任天堂
2024-05-02,7566.733343646865,7589.63266823948,7537.860282204002,7541.8427734375,任天堂
2024-05-07,7691.186421174704,7798.713687645496,7670.278341583162,7725.03759765625,任天堂
2024-05-08,7696.164541131423,7849.490458250989,7290.946045886858,7304.884765625,任天堂
2024-05-09,7374.5782457687865,7620.497082909989,7347.696429563068,7563.74658203125,任天堂
2024-05-10,7741.963088450759,7964.982601286788,7650.36578853596,7814.6435546875,任天堂
2024-05-13,7835.551749888825,7994.851404270301,7821.613030130446,7975.9345703125,任天堂
2024-05-14,8113.330010743924,8403.056238885596,8095.408800755779,8398.078125,任天堂
2024-05-15,8323.40694486178,8381.153069598859,8253.713346041166,8283.58203125,任天堂
2024-05-16,8363.23187681686,8562.3564453125,8343.319419967296,8562.3564453125,任天堂
2024-05-17,8463.7900042632,8504.610541867576,8389.118289133246,8465.78125,任天堂
2024-05-20,8444.873165352014,8500.628045953254,8336.350272753174,8354.271484375,任天堂
2024-05-21,8389.117499005783,8449.85048825802,8343.318851372947,8371.1962890625,任天堂
2024-05-22,8343.319351256587,8458.81160003293,8309.468174891106,8314.4462890625,任天堂
2024-05-23,8356.262690359521,8361.240804675235,8215.879866656353,8244.7529296875,任天堂
2024-05-24,8186.011196859473,8305.485940671579,8161.120625231951,8215.8798828125,任天堂
2024-05-27,8197.958551420901,8250.7265625,8151.164277445095,8250.7265625,任天堂
2024-05-28,8207.914476156235,8219.861949920654,8132.247142314911,8156.14208984375,任天堂
2024-05-29,8162.11547080965,8275.616466622325,8159.12860249879,8232.8046875,任天堂
2024-05-30,8188.001589046423,8329.380021153012,8109.347390902615,8321.4150390625,任天堂
2024-05-31,8423.964194686952,8593.220064335548,8411.021098772648,8517.552734375,任天堂
2024-06-03,8443.87755329817,8671.87519033452,8443.87755329817,8633.0458984375,任天堂
2024-06-04,8624.08463365113,8845.11289371469,8586.250967514125,8811.26171875,任天堂
2024-06-05,8800.309610147144,8836.152029647687,8705.725447576267,8713.6904296875,任天堂
2024-06-06,8791.349694409317,8904.850698391498,8748.537912205511,8758.494140625,任天堂
2024-06-07,8711.699620306254,8731.61207658124,8636.032286461308,8716.677734375,任天堂
2024-06-10,8683.822458501401,8718.669258094103,8538.461523057558,8700.748046875,任天堂
2024-06-11,8551.404754255223,8715.68252634186,8524.522937004684,8637.0283203125,任天堂
2024-06-12,8562.355932745757,8615.12394023826,8480.71486454981,8507.5966796875,任天堂
2024-06-13,8562.356160506099,8562.356160506099,8309.46796692836,8326.3935546875,任天堂
2024-06-14,8275.616700197499,8498.636207036316,8266.656095012011,8443.876953125,任天堂
2024-06-17,8385.135444841577,8412.017261157265,8317.433092639103,8374.18359375,任天堂
2024-06-18,8462.793892160113,8691.787138653857,8386.13093572525,8634.041015625,任天堂
2024-06-19,8759.489605942636,8771.437079831167,8476.732723914025,8543.439453125,任天堂
2024-06-20,8496.645330402112,8508.592804501575,8325.39820164313,8450.8466796875,任天堂
2024-06-21,8498.636680986207,8537.465972288743,8438.899309751532,8444.873046875,任天堂
2024-06-24,8363.231300777112,8498.635998027788,8345.310090846875,8455.82421875,任天堂
2024-06-25,8540.452190296643,8610.145784761642,8455.824254160572,8594.2158203125,任天堂
2024-06-26,8618.110843217411,8645.98828125,8516.557318955838,8645.98828125,任天堂
2024-06-27,8623.089473705732,8629.063210784849,8513.570960588582,8560.365234375,任天堂
2024-06-28,8572.312460280067,8599.1942763576,8458.811459063814,8518.548828125,任天堂
2024-07-01,8617.11555595193,8773.428339578095,8592.22498531082,8710.7041015625,任天堂
2024-07-02,8838.143589348592,8955.627079665494,8766.458747799295,8836.15234375,任天堂
2024-07-03,8861.042705461628,8925.758185894776,8781.392883390065,8848.099609375,任天堂
2024-07-04,8874.981927289778,8889.916269774561,8763.472170070074,8791.349609375,任天堂
2024-07-05,8761.481222603124,8900.86842387181,8748.53812534246,8858.056640625,任天堂
2024-07-08,8804.292896210436,8819.227239017531,8701.74374226837,8752.5205078125,任天堂
2024-07-09,8726.633536219131,8948.657412839424,8639.01873288915,8909.828125,任天堂
2024-07-10,8915.80244140625,8960.60546875,8826.19638671875,8960.60546875,任天堂
2024-07-11,8980.518140453296,9129.861568509616,8975.540026184754,9060.16796875,任天堂
2024-07-12,8959.609346522404,8981.513047558463,8848.099595793377,8876.97265625,任天堂
2024-07-16,8902.858959808782,8902.858959808782,8752.519918997876,8786.37109375,任天堂
2024-07-17,8791.349075101094,8796.327188960155,8656.940000906457,8709.7080078125,任天堂
2024-07-18,8607.159364149305,8650.966768663195,8506.601458333333,8512.5751953125,任天堂
2024-07-19,8584.2596200632,8640.014495814015,8491.666701405593,8536.4697265625,任天堂
2024-07-22,8584.260354858912,8584.260354858912,8426.951941953821,8494.654296875,任天堂
2024-07-23,8557.377741688008,8557.377741688008,8426.951158306842,8455.82421875,任天堂
2024-07-24,8415.00429199564,8492.662873961524,8391.109343698445,8448.85546875,任天堂
2024-07-25,8365.222818302762,8392.104634072124,8226.831248230865,8243.7568359375,任天堂
2024-07-26,8234.79631478208,8307.47678038226,8183.023928327157,8210.9013671875,任天堂
2024-07-29,8308.472219945943,8347.301508930712,8219.861791237114,8305.4853515625,任天堂
2024-07-30,8263.669090837626,8337.345176707744,8259.686599709512,8311.458984375,任天堂
2024-07-31,8198.953888856291,8377.170372900648,8140.212142718765,8351.2841796875,任天堂
2024-08-01,8052.597361293183,8115.321598899695,7961.000061931292,8069.52294921875,任天堂
2024-08-02,7945.069974435408,8043.63663201299,7865.4201501302905,7880.3544921875,任天堂
2024-08-05,7133.637620669839,7164.501928588997,6491.4608913841375,6578.080078125,任天堂
2024-08-06,7068.922131011056,7486.088099024244,7068.922131011056,7474.140625,任天堂
2024-08-07,7265.059822625196,7796.722416195411,7208.30932106433,7614.5234375,任天堂
2024-08-08,7367.608934604646,7665.300160475834,7311.85405618061,7532.88232421875,任天堂
2024-08-09,7586.6457875993465,7831.568998065152,7546.820875328483,7766.853515625,任天堂
2024-08-13,7766.853422694052,7799.708974924395,7651.361178490423,7716.07666015625,任天堂
2024-08-14,7779.796543723155,7975.934234932966,7727.02853542813,7939.09619140625,任天堂
2024-08-15,7845.507988078469,7919.184078321846,7808.669942956781,7863.42919921875,任天堂
2024-08-16,7994.851014672256,8106.360767305294,7865.420051794623,8082.4658203125,任天堂
2024-08-19,8072.5100070415165,8107.356806529239,7977.925837003413,8030.69384765625,任天堂
2024-08-20,8097.400113558795,8142.203138901245,7997.837835020017,8113.330078125,任天堂
2024-08-21,8022.728553253362,8231.809342057433,7995.846737549981,8216.875,任天堂
2024-08-22,8268.647475687416,8296.52491449768,8188.997650515232,8239.7744140625,任天堂
2024-08-23,8205.92314625285,8277.607988103153,8145.190155240786,8188.99755859375,任天堂
2024-08-26,8057.575371517557,8134.238327603909,8034.676046972283,8075.49658203125,任天堂
2024-08-27,7915.201424509583,8017.7505750409655,7888.319608350871,8012.7724609375,任天堂
2024-08-28,7915.20136529983,7973.943111281301,7873.385207143529,7932.126953125,任天堂
2024-08-29,7895.289128265962,7923.166567810911,7835.5517578125,7835.5517578125,任天堂
2024-08-30,7826.591084968105,7895.289060399068,7826.591084968105,7867.41162109375,任天堂
2024-09-02,7922.170510672055,7944.074211970884,7876.371862501775,7888.3193359375,任天堂
2024-09-03,7865.420446749621,7933.12279996215,7845.507989922407,7891.306640625,任天堂
2024-09-04,7686.207900489576,7800.704520768889,7616.51430553695,7664.30419921875,任天堂
2024-09-05,7656.339619914953,7803.691799856098,7624.479689116867,7697.16015625,任天堂
2024-09-06,7754.906213078566,7909.227751533717,7684.216992237819,7729.02001953125,任天堂
2024-09-09,7560.759589099822,7711.0986328125,7496.044106706948,7711.0986328125,任天堂
2024-09-10,7715.081013569079,7729.019732654117,7609.5449976394975,7661.3173828125,任天堂
2024-09-11,7652.357043763057,7661.317649200719,7454.228101308094,7506.00048828125,任天堂
2024-09-12,7652.357035435997,7721.055010383315,7581.667814838032,7618.505859375,任天堂
2024-09-13,7602.575625061816,7612.53185296263,7518.9433106949755,7549.8076171875,任天堂
2024-09-17,7482.105419443041,7564.742112698367,7447.258621082362,7512.9697265625,任天堂
2024-09-18,7544.829919993964,7632.444730360746,7459.206355317337,7525.9130859375,任天堂
2024-09-19,7636.427193975629,7680.234598999739,7576.689823488206,7639.4140625,任天堂
2024-09-20,7766.853342593912,7790.748289424095,7627.466152751181,7636.4267578125,任天堂
2024-09-24,7666.295621010724,7801.700322888316,7658.330638547336,7682.2255859375,任天堂
2024-09-25,7616.5145417940075,7654.348208798997,7578.680874789017,7594.61083984375,任天堂
2024-09-26,7765.857928964482,7973.943096548274,7756.897323661831,7961.0,任天堂
2024-09-27,8020.0,8057.0,7943.0,8048.0,任天堂
2024-09-30,7650.0,7778.0,7549.0,7636.0,任天堂
2024-10-01,7760.0,7794.0,7680.0,7696.0,任天堂
2024-10-02,7600.0,7698.0,7592.0,7672.0,任天堂
2024-10-03,7801.0,7830.0,7698.0,7765.0,任天堂
2024-10-04,7770.0,7804.0,7731.0,7743.0,任天堂
2024-10-07,8020.0,8148.0,7906.0,8087.0,任天堂
2024-10-08,8003.0,8056.0,7972.0,8038.0,任天堂
2024-10-09,7948.0,7950.0,7820.0,7877.0,任天堂
2024-10-10,7950.0,7970.0,7902.0,7913.0,任天堂
2024-10-11,7931.0,7931.0,7852.0,7878.0,任天堂
2024-10-15,7910.0,8028.0,7907.0,7944.0,任天堂
2024-10-16,7860.0,8006.0,7852.0,7929.0,任天堂
2024-10-17,7980.0,8085.0,7950.0,7994.0,任天堂
2024-10-18,8070.0,8143.0,8012.0,8019.0,任天堂
2024-10-21,7980.0,8084.0,7954.0,8051.0,任天堂
2024-10-22,8057.0,8081.0,7992.0,8010.0,任天堂
2024-10-23,8063.0,8117.0,8049.0,8078.0,任天堂
2024-10-24,8036.0,8103.0,7978.0,8069.0,任天堂
2024-10-25,8066.0,8068.0,7979.0,8002.0,任天堂
2024-10-28,8020.0,8219.0,8014.0,8160.0,任天堂
2024-10-29,8130.0,8186.0,8087.0,8141.0,任天堂
2024-10-30,8100.0,8204.0,8084.0,8092.0,任天堂
2024-10-31,8201.0,8273.0,8100.0,8145.0,任天堂
2024-11-01,7960.0,8068.0,7925.0,7963.0,任天堂
2024-11-05,7593.0,7912.0,7584.0,7656.0,任天堂
2024-11-06,7928.0,8138.0,7730.0,8100.0,任天堂
2024-11-07,8300.0,8363.0,8194.0,8208.0,任天堂
2024-11-08,8279.0,8292.0,8132.0,8193.0,任天堂
2024-11-11,8224.0,8306.0,8202.0,8250.0,任天堂
2024-11-12,8315.0,8396.0,8293.0,8340.0,任天堂
2024-11-13,8256.0,8274.0,8008.0,8066.0,任天堂
2024-11-14,8151.0,8248.0,8099.0,8099.0,任天堂
2024-11-15,8170.0,8317.0,8153.0,8259.0,任天堂
2024-11-18,8170.0,8246.0,8142.0,8200.0,任天堂
2024-11-19,8255.0,8371.0,8144.0,8176.0,任天堂
2024-11-20,8242.0,8251.0,8154.0,8226.0,任天堂
2024-11-21,8151.0,8270.0,8096.0,8203.0,任天堂
2024-11-22,8150.0,8200.0,8125.0,8166.0,任天堂
2024-11-25,8198.0,8250.0,8131.0,8199.0,任天堂
2024-11-26,8115.0,8343.0,8114.0,8309.0,任天堂
2024-11-27,8395.0,8567.0,8372.0,8527.0,任天堂
2024-11-28,8548.0,8785.0,8441.0,8785.0,任天堂
2024-11-29,8722.0,8848.0,8670.0,8810.0,任天堂
2024-12-02,8900.0,9042.0,8742.0,8855.0,任天堂
2024-12-03,8855.0,8986.0,8843.0,8940.0,任天堂
2024-12-04,8944.0,9280.0,8944.0,9182.0,任天堂
2024-12-05,9332.0,9370.0,9183.0,9295.0,任天堂
2024-12-06,9300.0,9308.0,9042.0,9058.0,任天堂
2024-12-09,9156.0,9234.0,9113.0,9216.0,任天堂
2024-12-10,9170.0,9171.0,8960.0,9037.0,任天堂
2024-12-11,9150.0,9177.0,9087.0,9103.0,任天堂
2024-12-12,9150.0,9203.0,9105.0,9139.0,任天堂
2024-12-13,9084.0,9142.0,9062.0,9124.0,任天堂
2024-12-16,9175.0,9260.0,9102.0,9184.0,任天堂
2024-12-17,9264.0,9587.0,9252.0,9490.0,任天堂
2024-12-18,9398.0,9400.0,9245.0,9265.0,任天堂
2024-12-19,9154.0,9468.0,9135.0,9410.0,任天堂
2024-12-20,9400.0,9420.0,9131.0,9131.0,任天堂
2024-12-23,9266.0,9299.0,9170.0,9171.0,任天堂
2024-12-24,9276.0,9308.0,9165.0,9228.0,任天堂
2024-12-25,9200.0,9210.0,9072.0,9200.0,任天堂
2024-12-26,9180.0,9278.0,9170.0,9260.0,任天堂
2024-12-27,9305.0,9369.0,9236.0,9350.0,任天堂
2024-12-30,9430.0,9440.0,9257.0,9264.0,任天堂
2025-01-06,9290.0,9293.0,9020.0,9070.0,任天堂
2025-01-07,9186.0,9195.0,9079.0,9158.0,任天堂
2025-01-08,9070.0,9090.0,8888.0,8903.0,任天堂
2025-01-09,8905.0,9134.0,8904.0,9119.0,任天堂
2025-01-10,9046.0,9274.0,9017.0,9248.0,任天堂
2025-01-14,9250.0,9402.0,9241.0,9332.0,任天堂
2025-01-15,9565.0,9626.0,9485.0,9565.0,任天堂
2025-01-16,9700.0,9732.0,9476.0,9590.0,任天堂
2025-01-17,9500.0,9597.0,8898.0,9181.0,任天堂
2025-01-20,9300.0,9462.0,8901.0,8901.0,任天堂
2025-01-21,8998.0,9175.0,8955.0,9044.0,任天堂
2025-01-22,9150.0,9418.0,9113.0,9404.0,任天堂
2025-01-23,9400.0,9775.0,9396.0,9559.0,任天堂
2025-01-24,9542.0,9955.0,9537.0,9890.0,任天堂
2025-01-27,9862.0,9928.0,9758.0,9793.0,任天堂
2025-01-28,9721.0,10310.0,9721.0,10250.0,任天堂
2025-01-29,10215.0,10355.0,10155.0,10190.0,任天堂
2025-01-30,10190.0,10470.0,10125.0,10425.0,任天堂
2025-01-31,10360.0,10395.0,10230.0,10230.0,任天堂
2025-02-03,10110.0,10265.0,10050.0,10175.0,任天堂
2025-02-04,10380.0,10580.0,10345.0,10400.0,任天堂
2025-02-05,10300.0,10780.0,10290.0,10700.0,任天堂
2025-02-06,10745.0,11010.0,10670.0,11000.0,任天堂
2025-02-07,10735.0,10895.0,10730.0,10805.0,任天堂
2025-02-10,10735.0,11000.0,10730.0,10935.0,任天堂
2025-02-12,10985.0,11025.0,10750.0,10980.0,任天堂
2025-02-13,11030.0,11285.0,10985.0,11250.0,任天堂
2025-02-14,11115.0,11285.0,10925.0,11245.0,任天堂
2025-02-17,11190.0,11460.0,11190.0,11395.0,任天堂
2025-02-18,11400.0,11510.0,11315.0,11450.0,任天堂
2025-02-19,11605.0,11800.0,11520.0,11760.0,任天堂
2025-02-20,11610.0,11685.0,11340.0,11490.0,任天堂
2025-02-21,11490.0,11565.0,11295.0,11455.0,任天堂
2025-02-25,11405.0,11575.0,11310.0,11310.0,任天堂
2025-02-26,11325.0,11390.0,10930.0,11105.0,任天堂
2025-02-27,11100.0,11460.0,11085.0,11400.0,任天堂
2025-02-28,11170.0,11350.0,11055.0,11160.0,任天堂
2025-03-03,11345.0,11385.0,10960.0,11065.0,任天堂
2025-03-04,11080.0,11160.0,10925.0,11130.0,任天堂
2025-03-05,11160.0,11335.0,10990.0,11175.0,任天堂
2025-03-06,11300.0,11410.0,11260.0,11385.0,任天堂
2025-03-07,10510.0,10880.0,10235.0,10335.0,任天堂
2025-03-10,10200.0,10260.0,9914.0,10005.0,任天堂
2025-03-11,9705.0,10055.0,9636.0,10055.0,任天堂
2025-03-12,10110.0,10220.0,10000.0,10160.0,任天堂
2025-03-13,10395.0,10445.0,10175.0,10180.0,任天堂
2025-03-14,10085.0,10350.0,10055.0,10265.0,任天堂
2025-03-17,10455.0,10470.0,10255.0,10285.0,任天堂
2025-03-18,10265.0,10360.0,10180.0,10270.0,任天堂
2025-03-19,10515.0,10650.0,10475.0,10550.0,任天堂
2025-03-21,10750.0,10905.0,10675.0,10895.0,任天堂
2025-03-24,11000.0,11005.0,10690.0,10690.0,任天堂
2025-03-25,10790.0,10835.0,10730.0,10765.0,任天堂
2025-03-26,11070.0,11450.0,11035.0,11330.0,任天堂
2025-03-27,10990.0,11135.0,10910.0,11030.0,任天堂
2025-03-28,10900.0,10975.0,10730.0,10835.0,任天堂
2025-03-31,10450.0,10550.0,10110.0,10110.0,任天堂
2025-04-01,10300.0,10510.0,10195.0,10205.0,任天堂
2025-04-02,10260.0,10470.0,10145.0,10420.0,任天堂
2025-04-03,9830.0,10220.0,9808.0,10080.0,任天堂
2025-04-04,9990.0,10110.0,9813.0,9977.0,任天堂
2025-04-07,8980.0,9622.0,8962.0,9194.0,任天堂
2025-04-08,9552.0,10020.0,9552.0,9841.0,任天堂
2025-04-09,9638.0,9743.0,9173.0,9405.0,任天堂
2025-04-10,10200.0,10525.0,10015.0,10505.0,任天堂
2025-04-11,9910.0,10095.0,9782.0,10040.0,任天堂
2025-04-14,10250.0,10500.0,10240.0,10350.0,任天堂
2025-04-15,10565.0,10565.0,10290.0,10305.0,任天堂
2025-04-16,10220.0,10255.0,9909.0,10040.0,任天堂
2025-04-17,9957.0,10345.0,9932.0,10345.0,任天堂
2025-04-18,10315.0,10380.0,10265.0,10370.0,任天堂
2025-04-21,10290.0,10360.0,10215.0,10245.0,任天堂
2025-04-22,10135.0,10230.0,10030.0,10175.0,任天堂
2025-04-23,10505.0,10575.0,10325.0,10415.0,任天堂
2025-04-24,10880.0,11035.0,10760.0,11000.0,任天堂
2025-04-25,11200.0,11415.0,11090.0,11400.0,任天堂
2025-04-28,11590.0,11610.0,11365.0,11435.0,任天堂
2025-04-30,11545.0,11855.0,11500.0,11830.0,任天堂
2025-05-01,11925.0,12145.0,11870.0,12145.0,任天堂
2025-05-02,12225.0,12540.0,12165.0,12360.0,任天堂
2025-05-07,12370.0,12475.0,12245.0,12350.0,任天堂
2025-05-08,12420.0,12455.0,12020.0,12020.0,任天堂
2025-05-09,11915.0,12370.0,11740.0,11820.0,任天堂
2025-05-12,11970.0,11970.0,11505.0,11580.0,任天堂
2025-05-13,11985.0,12170.0,11825.0,12005.0,任天堂
2025-05-14,12000.0,12090.0,11695.0,11700.0,任天堂
2025-05-15,11525.0,11620.0,11330.0,11445.0,任天堂
2025-05-16,11395.0,11680.0,11330.0,11640.0,任天堂
2025-05-19,11595.0,11630.0,11435.0,11620.0,任天堂
2025-05-20,11650.0,11685.0,11470.0,11530.0,任天堂
2025-05-21,11550.0,11560.0,11230.0,11265.0,任天堂
2025-05-22,11250.0,11465.0,11120.0,11200.0,任天堂
2025-05-23,11450.0,11800.0,11330.0,11800.0,任天堂
2025-05-26,11875.0,12025.0,11685.0,11965.0,任天堂
2025-05-27,11970.0,12210.0,11910.0,12205.0,任天堂
2025-05-28,12200.0,12425.0,12085.0,12150.0,任天堂
2025-05-29,12350.0,12370.0,12155.0,12330.0,任天堂
2025-05-30,12030.0,12125.0,11835.0,11835.0,任天堂
2025-06-02,11785.0,11835.0,11555.0,11745.0,任天堂
2025-06-03,11980.0,11990.0,11695.0,11695.0,任天堂
2025-06-04,12100.0,12115.0,11915.0,12090.0,任天堂
2025-06-05,12010.0,12185.0,11795.0,11850.0,任天堂
2025-06-06,12180.0,12210.0,11855.0,11905.0,任天堂
2025-06-09,11905.0,12085.0,11885.0,12080.0,任天堂
2025-06-10,11985.0,12180.0,11880.0,12105.0,任天堂
2025-06-11,11830.0,11850.0,11515.0,11665.0,任天堂
2025-06-12,11930.0,11985.0,11780.0,11795.0,任天堂
2025-06-13,11870.0,11920.0,11615.0,11815.0,任天堂
2025-06-16,12020.0,12185.0,11840.0,11945.0,任天堂
2025-06-17,12000.0,12440.0,11925.0,12440.0,任天堂
2025-06-18,12525.0,13320.0,12525.0,13260.0,任天堂
2025-06-19,13145.0,13500.0,13120.0,13275.0,任天堂
2025-06-20,13100.0,13135.0,12730.0,12730.0,任天堂
2025-06-23,12715.0,12740.0,12485.0,12670.0,任天堂
2025-06-24,12970.0,12980.0,12740.0,12885.0,任天堂
2025-06-25,12955.0,13470.0,12885.0,13355.0,任天堂
2025-06-26,13400.0,13575.0,13290.0,13420.0,任天堂
2025-06-27,13530.0,13640.0,13380.0,13630.0,任天堂
2025-06-30,13795.0,13905.0,13710.0,13880.0,任天堂
2025-07-01,13805.0,13810.0,13415.0,13430.0,任天堂
2025-07-02,13130.0,13225.0,12970.0,13000.0,任天堂
2025-07-03,13130.0,13305.0,13005.0,13110.0,任天堂
2025-07-04,13275.0,13310.0,13140.0,13200.0,任天堂
2025-07-07,13105.0,13220.0,13080.0,13200.0,任天堂
2025-07-08,13000.0,13100.0,12825.0,13045.0,任天堂
2025-07-09,13010.0,13045.0,12750.0,12985.0,任天堂
2025-07-10,12930.0,12975.0,12645.0,12680.0,任天堂
2025-07-11,12750.0,12805.0,12645.0,12685.0,任天堂
